Recipes,Type,Ingredients,Favorites,URL
Bataatticurry,Main Course,"Sweet potato (https://app.notion.com/p/Sweet-potato-2f65c35c29d080ea908bed498598e488?pvs=21), Chickpeas (https://app.notion.com/p/Chickpeas-2f15c35c29d0810cb58ce23146535d01?pvs=21), Juustokumina (https://app.notion.com/p/Juustokumina-2f65c35c29d0809aadb2fae914ea8af4?pvs=21), Coconut milk (https://app.notion.com/p/Coconut-milk-2f65c35c29d080ff9e1ec0a0fcef27bc?pvs=21), Tomaattisose (https://app.notion.com/p/Tomaattisose-2f65c35c29d080b58b58d076ba1dd3c9?pvs=21), Spinach (https://app.notion.com/p/Spinach-2f65c35c29d080c3966cefc2f2254813?pvs=21)",No,https://www.k-ruoka.fi/reseptit/bataatticurry
Creamy barley (ohra) and mushroom risotto,Main Course,"Ohra (https://app.notion.com/p/Ohra-3275c35c29d0803e8a6fe3d38388cfa6?pvs=21), Other mushroom (https://app.notion.com/p/Other-mushroom-3275c35c29d0809e9fa3c4d83211d0c5?pvs=21), Onion (yellow, kotimainen) (https://app.notion.com/p/Onion-yellow-kotimainen-2f75c35c29d080b3ac55c2e22688765d?pvs=21), Garlic (https://app.notion.com/p/Garlic-2f15c35c29d08164a4dbccc0bf020341?pvs=21), Broth (https://app.notion.com/p/Broth-3275c35c29d080f6a80fc114e8bc2b07?pvs=21), Rypsiöljy (https://app.notion.com/p/Rypsi-ljy-3275c35c29d0807abe6cfceced47b89b?pvs=21), Cream cheese (https://app.notion.com/p/Cream-cheese-3275c35c29d08095bd42cc96d145a525?pvs=21), Parsley (https://app.notion.com/p/Parsley-2f15c35c29d08189aabddd848ead640a?pvs=21)",No,
Hummuspasta,Main Course,"Chickpeas (https://app.notion.com/p/Chickpeas-2f15c35c29d0810cb58ce23146535d01?pvs=21), Hummus (https://app.notion.com/p/Hummus-3095c35c29d080bb9fb6e607be9a528c?pvs=21), Lemon (https://app.notion.com/p/Lemon-2f15c35c29d0812299a7cfb2425fbebc?pvs=21), Ruusukaali (kotimainen) (https://app.notion.com/p/Ruusukaali-kotimainen-2f15c35c29d0802b97fedc596c9b3fdb?pvs=21), Parsley (https://app.notion.com/p/Parsley-2f15c35c29d08189aabddd848ead640a?pvs=21), Pasta (https://app.notion.com/p/Pasta-2f15c35c29d081e1ab56edf33a0024a8?pvs=21)",No,https://satokausi.fi/kun-arkiruoka-saa-twistia-uudet-talviset-suosikkireseptit/
Intialainen linssikeitto,Main Course,"Lentils (https://app.notion.com/p/Lentils-32c5c35c29d080e29c9ee401f91ee283?pvs=21), Potatoes (kotimainen) (https://app.notion.com/p/Potatoes-kotimainen-2f15c35c29d08121a222c47cfdc61e32?pvs=21), Cream (https://app.notion.com/p/Cream-2f15c35c29d081a8bb51e0158295fc9d?pvs=21), Tomaattimurska (https://app.notion.com/p/Tomaattimurska-32c5c35c29d08021bb3ae0cb272ef8e1?pvs=21)",No,https://www.k-ruoka.fi/reseptit/intialainen-linssikeitto
Juures-sienipiirakka,"Lunch, Main Course",,No,https://www.k-ruoka.fi/reseptit/juustoinen-juures-sienipiirakka
Kantarellikastike,Main Course,,Yes,https://www.k-ruoka.fi/reseptit/kantarellikastike
Kantarellipiirakka,"Lunch, Main Course",,Yes,https://www.k-ruoka.fi/reseptit/kantarellipiirakka
Kasvissosekeitto,Main Course,"Garlic (https://app.notion.com/p/Garlic-2f15c35c29d08164a4dbccc0bf020341?pvs=21), Onion (yellow, kotimainen) (https://app.notion.com/p/Onion-yellow-kotimainen-2f75c35c29d080b3ac55c2e22688765d?pvs=21), Cream (https://app.notion.com/p/Cream-2f15c35c29d081a8bb51e0158295fc9d?pvs=21), Sunflower seeds (https://app.notion.com/p/Sunflower-seeds-3b55c35c29d08015add2cf383aa979b4?pvs=21)",No,https://www.k-ruoka.fi/reseptit/kasvissosekeitto
Kesäkeitto,Main Course,"Cream cheese (https://app.notion.com/p/Cream-cheese-3275c35c29d08095bd42cc96d145a525?pvs=21), Cauliflower (https://app.notion.com/p/Cauliflower-3a45c35c29d080798360cd937b91c93f?pvs=21), Radish (https://app.notion.com/p/Radish-3a45c35c29d080a08a55da6eedc82326?pvs=21), Nippusipuli (https://app.notion.com/p/Nippusipuli-3a45c35c29d080d5a7b7d2696cc17849?pvs=21), Garlic (https://app.notion.com/p/Garlic-2f15c35c29d08164a4dbccc0bf020341?pvs=21), Kasvisliemikuutio (https://app.notion.com/p/Kasvisliemikuutio-3a45c35c29d08015a6e9e1dc909e4738?pvs=21), Peas (https://app.notion.com/p/Peas-3a45c35c29d080e19358e94c54b2d114?pvs=21), Sulatejuusto (https://app.notion.com/p/Sulatejuusto-3a45c35c29d080d4a6e7ea7335a80bb4?pvs=21)",Yes,https://www.k-ruoka.fi/reseptit/varikas-kesakeitto
Kikhernepihvit,"Main Course, Side Dish","Chickpeas (https://app.notion.com/p/Chickpeas-2f15c35c29d0810cb58ce23146535d01?pvs=21), Carrots (kotimainen) (https://app.notion.com/p/Carrots-kotimainen-2f15c35c29d08122a393d4be7e1953f6?pvs=21), Onion (yellow, kotimainen) (https://app.notion.com/p/Onion-yellow-kotimainen-2f75c35c29d080b3ac55c2e22688765d?pvs=21), Eggs (https://app.notion.com/p/Eggs-2f15c35c29d0810a9d34cef9c6bb558a?pvs=21), Vehnäjauho (https://app.notion.com/p/Vehn-jauho-2f65c35c29d080d0b279d725cd33b99b?pvs=21), Coriander (https://app.notion.com/p/Coriander-2f55c35c29d080998391dd6271449a1a?pvs=21)",No,https://www.k-ruoka.fi/reseptit/kikhernepihvit
Kurkuma-perunacurry,Main Course,,No,https://satokausi.fi/kurkuma-perunacurry/
Limettinuudelit,"Lunch, Main Course","Lime (https://app.notion.com/p/Lime-2f55c35c29d080b1850ad0d4b8cb160e?pvs=21), Noodles (https://app.notion.com/p/Noodles-2f85c35c29d0806eb00ec89baf087622?pvs=21), Ginger (https://app.notion.com/p/Ginger-2f75c35c29d080d3a2c4f69b46355024?pvs=21), Coriander (https://app.notion.com/p/Coriander-2f55c35c29d080998391dd6271449a1a?pvs=21), Peanut butter (https://app.notion.com/p/Peanut-butter-2f85c35c29d0808682b4cc912ea45c74?pvs=21), Salottisipuli (kotimainen) (https://app.notion.com/p/Salottisipuli-kotimainen-2f85c35c29d0802983a5db44e18e456a?pvs=21), Red chili (https://app.notion.com/p/Red-chili-2f85c35c29d080dc96fae828fe00c341?pvs=21), Garlic (https://app.notion.com/p/Garlic-2f15c35c29d08164a4dbccc0bf020341?pvs=21), Syrup (https://app.notion.com/p/Syrup-2f85c35c29d080a78b27e3e04ded4cb2?pvs=21), Stevia (https://app.notion.com/p/Stevia-2f85c35c29d0807cb32ae60af214a4f4?pvs=21), Paksoi/bok choy (kotimainen) (https://app.notion.com/p/Paksoi-bok-choy-kotimainen-2f85c35c29d0805f8407f1681ec67e0e?pvs=21)",No,https://satokausi.fi/limettinuudelit/
Munakoisopasta,Main Course,"Tofu (https://app.notion.com/p/Tofu-2f15c35c29d080b2a365d9b2b845d750?pvs=21), Tomatoes (https://app.notion.com/p/Tomatoes-2f15c35c29d0815bbb15d242ff85d284?pvs=21), Eggplant (https://app.notion.com/p/Eggplant-3b55c35c29d08037b4cec7160d3aa035?pvs=21), Tomaattimurska (https://app.notion.com/p/Tomaattimurska-32c5c35c29d08021bb3ae0cb272ef8e1?pvs=21), Garlic (https://app.notion.com/p/Garlic-2f15c35c29d08164a4dbccc0bf020341?pvs=21), Basil (https://app.notion.com/p/Basil-2f15c35c29d081988dccc3d79235395b?pvs=21), Sunflower seeds (https://app.notion.com/p/Sunflower-seeds-3b55c35c29d08015add2cf383aa979b4?pvs=21)",No,https://www.sydanmerkki.fi/resepti/munakoisopasta-2
Naan,Side Dish,"Flour (https://app.notion.com/p/Flour-31b5c35c29d080c69624ebd728d85a7d?pvs=21), Kuivahiiva (https://app.notion.com/p/Kuivahiiva-31b5c35c29d080bab319e9133cac156d?pvs=21), Milk (https://app.notion.com/p/Milk-2f65c35c29d080998742dc8bad45be59?pvs=21), Eggs (https://app.notion.com/p/Eggs-2f15c35c29d0810a9d34cef9c6bb558a?pvs=21)",No,https://ravintolanepal.fi/naan/
Paahdettu kikhernepasta,Main Course,"Chickpeas (https://app.notion.com/p/Chickpeas-2f15c35c29d0810cb58ce23146535d01?pvs=21), Tomatoes (https://app.notion.com/p/Tomatoes-2f15c35c29d0815bbb15d242ff85d284?pvs=21), Garlic (https://app.notion.com/p/Garlic-2f15c35c29d08164a4dbccc0bf020341?pvs=21), Pasta (https://app.notion.com/p/Pasta-2f15c35c29d081e1ab56edf33a0024a8?pvs=21), Feta (https://app.notion.com/p/Feta-2f15c35c29d080a3a5e5e15abcdf7097?pvs=21)",No,https://yhteishyva.fi/reseptit/paahdettu-kikhernepasta/3OS5ciQxwvO4VYy4hfLVPX
Palak paneer,Main Course,"Feta (https://app.notion.com/p/Feta-2f15c35c29d080a3a5e5e15abcdf7097?pvs=21), Garlic (https://app.notion.com/p/Garlic-2f15c35c29d08164a4dbccc0bf020341?pvs=21), Onion (yellow, kotimainen) (https://app.notion.com/p/Onion-yellow-kotimainen-2f75c35c29d080b3ac55c2e22688765d?pvs=21), Red chili (https://app.notion.com/p/Red-chili-2f85c35c29d080dc96fae828fe00c341?pvs=21), Spinach (https://app.notion.com/p/Spinach-2f65c35c29d080c3966cefc2f2254813?pvs=21)",Yes,https://www.k-ruoka.fi/reseptit/palak-paneer
Perunapannukakku tuorejuustotäytteellä,Main Course,Cheese (https://app.notion.com/p/Cheese-2f15c35c29d080fb8d8dec6a93cbc15d?pvs=21),No,https://satokausi.fi/perunapannukakku-tuorejuustotaytteella/
Pesto (A ei tykännyt),Side Dish,"Basil (https://app.notion.com/p/Basil-2f15c35c29d081988dccc3d79235395b?pvs=21), Cashew (https://app.notion.com/p/Cashew-3a45c35c29d080ab8fcfc709d78e13a9?pvs=21), Garlic (https://app.notion.com/p/Garlic-2f15c35c29d08164a4dbccc0bf020341?pvs=21), Parmesan Cheese (https://app.notion.com/p/Parmesan-Cheese-2f15c35c29d081f398dbf2f3f7b3b180?pvs=21)",No,https://www.k-ruoka.fi/reseptit/taytetyt-portobellot
Pinaattiletut,"Main Course, Side Dish","Spinach (https://app.notion.com/p/Spinach-2f65c35c29d080c3966cefc2f2254813?pvs=21), Milk (https://app.notion.com/p/Milk-2f65c35c29d080998742dc8bad45be59?pvs=21), Oat milk (https://app.notion.com/p/Oat-milk-2f15c35c29d08137b1d1fe531b57b43a?pvs=21), Vehnäjauho (https://app.notion.com/p/Vehn-jauho-2f65c35c29d080d0b279d725cd33b99b?pvs=21)",No,https://www.k-ruoka.fi/reseptit/pinaattiletut
Porkkanaletut,"Main Course, Side Dish","Carrots (kotimainen) (https://app.notion.com/p/Carrots-kotimainen-2f15c35c29d08122a393d4be7e1953f6?pvs=21), Cheese (https://app.notion.com/p/Cheese-2f15c35c29d080fb8d8dec6a93cbc15d?pvs=21), Oat milk (https://app.notion.com/p/Oat-milk-2f15c35c29d08137b1d1fe531b57b43a?pvs=21), Milk (https://app.notion.com/p/Milk-2f65c35c29d080998742dc8bad45be59?pvs=21), Vehnäjauho (https://app.notion.com/p/Vehn-jauho-2f65c35c29d080d0b279d725cd33b99b?pvs=21), Eggs (https://app.notion.com/p/Eggs-2f15c35c29d0810a9d34cef9c6bb558a?pvs=21)",No,https://yhteishyva.fi/reseptit/porkkanaletut/recipe-1567
Porkkanaletut soseesta ja avokadosalaatti,Main Course,Other unusual (https://app.notion.com/p/Other-unusual-2f15c35c29d080f5992ed0c9de7d5951?pvs=21),No,https://www.k-ruoka.fi/reseptit/porkkanaletut-ja-avokadosalaatti
Punakaali-bao buns,Main Course,"Punakaali (kotimainen) (https://app.notion.com/p/Punakaali-kotimainen-2f55c35c29d080feaa86c8ecb5a9f0d2?pvs=21), Lime (https://app.notion.com/p/Lime-2f55c35c29d080b1850ad0d4b8cb160e?pvs=21), Kidney beans (https://app.notion.com/p/Kidney-beans-2f55c35c29d080238a20cc1238f2a508?pvs=21), Coriander (https://app.notion.com/p/Coriander-2f55c35c29d080998391dd6271449a1a?pvs=21), Red onion (kotimainen) (https://app.notion.com/p/Red-onion-kotimainen-2f55c35c29d080e99fcedc89f8d5a553?pvs=21), Other unusual (https://app.notion.com/p/Other-unusual-2f15c35c29d080f5992ed0c9de7d5951?pvs=21), Apple cider vinegar (https://app.notion.com/p/Apple-cider-vinegar-2f55c35c29d080adb1b4f063e903c8d1?pvs=21)",No,https://satokausi.fi/pinkit-bao-bun-sampylat/
Shakshuka,"Breakfast, Lunch, Main Course","Eggs (https://app.notion.com/p/Eggs-2f15c35c29d0810a9d34cef9c6bb558a?pvs=21), Feta (https://app.notion.com/p/Feta-2f15c35c29d080a3a5e5e15abcdf7097?pvs=21)",Yes,https://www.k-ruoka.fi/reseptit/tomaatti-kananmunapannu-eli-shakshuka
Sienitäyte tacoihin,"Main Course, Side Dish","Osterivinokas (https://app.notion.com/p/Osterivinokas-2f75c35c29d08002a972caaf1c435445?pvs=21), Tomaattipyree (https://app.notion.com/p/Tomaattipyree-2f75c35c29d0801bbfb1ddac592bfd1e?pvs=21), Honey (https://app.notion.com/p/Honey-2f75c35c29d080bd9c24e426d5fdd501?pvs=21), Soy sauce (https://app.notion.com/p/Soy-sauce-2f75c35c29d080a58621d0e171003936?pvs=21), Spices (https://app.notion.com/p/Spices-2f75c35c29d0800d82e2ce83f89dd59f?pvs=21)",No,https://yhteishyva.fi/reseptit/tacot-sienitaytteella/7GQv11U2iROmzXoDwwIjso
Suppilovahveropasta,Main Course,"Suppilovahvero (https://app.notion.com/p/Suppilovahvero-2fc5c35c29d080e5ab34cc72744e74b6?pvs=21), Onion (yellow, kotimainen) (https://app.notion.com/p/Onion-yellow-kotimainen-2f75c35c29d080b3ac55c2e22688765d?pvs=21), Vehnäjauho (https://app.notion.com/p/Vehn-jauho-2f65c35c29d080d0b279d725cd33b99b?pvs=21), Pasta (https://app.notion.com/p/Pasta-2f15c35c29d081e1ab56edf33a0024a8?pvs=21), Cream (https://app.notion.com/p/Cream-2f15c35c29d081a8bb51e0158295fc9d?pvs=21), Other unusual (https://app.notion.com/p/Other-unusual-2f15c35c29d080f5992ed0c9de7d5951?pvs=21)",No,https://www.k-ruoka.fi/reseptit/suppilovahveropasta
Tacos,"Lunch, Main Course",Tortillas (https://app.notion.com/p/Tortillas-2f65c35c29d080109d6dd7fbbc0d6a05?pvs=21),Yes,
Täyteläinen maapähkinäcurry,Main Course,Tofu (https://app.notion.com/p/Tofu-2f15c35c29d080b2a365d9b2b845d750?pvs=21),No,https://www.k-ruoka.fi/reseptit/taytelainen-maapahkinacurry
Tonnikala-papusalaatti,"Light, Main Course, Salad",,No,https://www.soppa365.fi/reseptit/arjen-nopeat-salaatit/tonnikala-papusalaatti
Uunifeta-parsapasta,Main Course,"Parsa (https://app.notion.com/p/Parsa-3355c35c29d08064adf4e3592b6ea877?pvs=21), Feta (https://app.notion.com/p/Feta-2f15c35c29d080a3a5e5e15abcdf7097?pvs=21), Lemon (https://app.notion.com/p/Lemon-2f15c35c29d0812299a7cfb2425fbebc?pvs=21), Pasta (https://app.notion.com/p/Pasta-2f15c35c29d081e1ab56edf33a0024a8?pvs=21), Lime (https://app.notion.com/p/Lime-2f55c35c29d080b1850ad0d4b8cb160e?pvs=21)",No,https://www.k-ruoka.fi/reseptit/uunifeta-parsapasta
Viherpippurilohi ja fenkolimuhennos,Main Course,"Salmon (https://app.notion.com/p/Salmon-2f15c35c29d0818dac32cc6c5fc8e5ec?pvs=21), Fenkoli (https://app.notion.com/p/Fenkoli-2f15c35c29d0805d90d0d5c7157aff99?pvs=21), Red onion (kotimainen) (https://app.notion.com/p/Red-onion-kotimainen-2f55c35c29d080e99fcedc89f8d5a553?pvs=21), Garlic (https://app.notion.com/p/Garlic-2f15c35c29d08164a4dbccc0bf020341?pvs=21), Lemon (https://app.notion.com/p/Lemon-2f15c35c29d0812299a7cfb2425fbebc?pvs=21)",No,https://www.k-ruoka.fi/reseptit/viherpippurilohi-ja-fenkolimuhennos
Yrttinen uunitofu,Main Course,"Tofu (https://app.notion.com/p/Tofu-2f15c35c29d080b2a365d9b2b845d750?pvs=21), Lemon (https://app.notion.com/p/Lemon-2f15c35c29d0812299a7cfb2425fbebc?pvs=21), Avocado (https://app.notion.com/p/Avocado-2f15c35c29d0817fb402f5167fa6e738?pvs=21), Garlic (https://app.notion.com/p/Garlic-2f15c35c29d08164a4dbccc0bf020341?pvs=21), Punakaali (kotimainen) (https://app.notion.com/p/Punakaali-kotimainen-2f55c35c29d080feaa86c8ecb5a9f0d2?pvs=21), Green beans (https://app.notion.com/p/Green-beans-3205c35c29d08004837fd50cdddc2dbe?pvs=21), Other unusual (https://app.notion.com/p/Other-unusual-2f15c35c29d080f5992ed0c9de7d5951?pvs=21)",No,https://www.k-ruoka.fi/reseptit/yrttinen-uunitofu